location_id,metric_id,year,value
1,1,2024,36440.0
1,2,2024,969.0
1,3,2024,774.0
1,4,2024,144.0
1,5,2024,6237.0
1,6,2024,44220.0
1,7,2024,20.8
1,1,2025,32914.0
1,2,2025,807.0
1,3,2025,659.0
1,4,2025,139.0
1,5,2025,6602.0
1,6,2025,40775.0
1,7,2025,19.1
2,1,2024,165.0
2,2,2024,1.0
2,3,2024,3.0
2,4,2024,
2,5,2024,10.0
2,6,2024,179.0
2,7,2024,20.3
2,1,2025,175.0
2,2,2025,6.0
2,3,2025,1.0
2,4,2025,
2,5,2025,9.0
2,6,2025,191.0
2,7,2025,21.6
3,1,2024,1054.0
3,2,2024,6.0
3,3,2024,6.0
3,4,2024,4.0
3,5,2024,75.0
3,6,2024,1141.0
3,7,2024,35.4
3,1,2025,934.0
3,2,2025,6.0
3,3,2025,10.0
3,4,2025,
3,5,2025,116.0
3,6,2025,1066.0
3,7,2025,33.1
4,1,2024,219.0
4,2,2024,4.0
4,3,2024,3.0
4,4,2024,
4,5,2024,137.0
4,6,2024,363.0
4,7,2024,45.2
4,1,2025,195.0
4,2,2025,4.0
4,3,2025,6.0
4,4,2025,1.0
4,5,2025,138.0
4,6,2025,343.0
4,7,2025,42.5
5,1,2024,1084.0
5,2,2024,22.0
5,3,2024,24.0
5,4,2024,2.0
5,5,2024,43.0
5,6,2024,1173.0
5,7,2024,27.4
5,1,2025,728.0
5,2,2025,17.0
5,3,2025,14.0
5,4,2025,2.0
5,5,2025,40.0
5,6,2025,799.0
5,7,2025,18.5
6,1,2024,4317.0
6,2,2024,75.0
6,3,2024,99.0
6,4,2024,11.0
6,5,2024,1556.0
6,6,2024,6047.0
6,7,2024,40.7
6,1,2025,3765.0
6,2,2025,60.0
6,3,2025,78.0
6,4,2025,3.0
6,5,2025,1570.0
6,6,2025,5473.0
6,7,2025,36.8
7,1,2024,3225.0
7,2,2024,41.0
7,3,2024,12.0
7,4,2024,12.0
7,5,2024,189.0
7,6,2024,3467.0
7,7,2024,37.5
7,1,2025,2976.0
7,2,2025,25.0
7,3,2025,22.0
7,4,2025,4.0
7,5,2025,197.0
7,6,2025,3220.0
7,7,2025,34.7
8,1,2024,233.0
8,2,2024,8.0
8,3,2024,14.0
8,4,2024,1.0
8,5,2024,15.0
8,6,2024,270.0
8,7,2024,9.1
8,1,2025,253.0
8,2,2025,13.0
8,3,2025,7.0
8,4,2025,
8,5,2025,14.0
8,6,2025,287.0
8,7,2025,9.6
9,1,2024,856.0
9,2,2024,39.0
9,3,2024,11.0
9,4,2024,
9,5,2024,78.0
9,6,2024,984.0
9,7,2024,24.0
9,1,2025,796.0
9,2,2025,25.0
9,3,2025,13.0
9,4,2025,
9,5,2025,73.0
9,6,2025,907.0
9,7,2025,22.0
10,1,2024,959.0
10,2,2024,19.0
10,3,2024,35.0
10,4,2024,2.0
10,5,2024,373.0
10,6,2024,1386.0
10,7,2024,18.9
10,1,2025,813.0
10,2,2025,19.0
10,3,2025,28.0
10,4,2025,2.0
10,5,2025,362.0
10,6,2025,1222.0
10,7,2025,16.5
11,1,2024,1982.0
11,2,2024,61.0
11,3,2024,7.0
11,4,2024,4.0
11,5,2024,76.0
11,6,2024,2126.0
11,7,2024,30.3
11,1,2025,1865.0
11,2,2025,60.0
11,3,2025,17.0
11,4,2025,7.0
11,5,2025,140.0
11,6,2025,2082.0
11,7,2025,29.7
12,1,2024,902.0
12,2,2024,20.0
12,3,2024,6.0
12,4,2024,2.0
12,5,2024,214.0
12,6,2024,1142.0
12,7,2024,29.8
12,1,2025,728.0
12,2,2025,15.0
12,3,2025,5.0
12,4,2025,
12,5,2025,142.0
12,6,2025,890.0
12,7,2025,22.9
13,1,2024,454.0
13,2,2024,22.0
13,3,2024,16.0
13,4,2024,1.0
13,5,2024,67.0
13,6,2024,559.0
13,7,2024,19.3
13,1,2025,486.0
13,2,2025,13.0
13,3,2025,17.0
13,4,2025,
13,5,2025,75.0
13,6,2025,591.0
13,7,2025,20.2
14,1,2024,3134.0
14,2,2024,56.0
14,3,2024,29.0
14,4,2024,5.0
14,5,2024,200.0
14,6,2024,3219.0
14,7,2024,15.1
14,1,2025,2698.0
14,2,2025,44.0
14,3,2025,28.0
14,4,2025,4.0
14,5,2025,207.0
14,6,2025,2770.0
14,7,2025,12.9
15,1,2024,1856.0
15,2,2024,67.0
15,3,2024,38.0
15,4,2024,17.0
15,5,2024,598.0
15,6,2024,2559.0
15,7,2024,29.5
15,1,2025,1746.0
15,2,2025,66.0
15,3,2025,33.0
15,4,2025,15.0
15,5,2025,632.0
15,6,2025,2477.0
15,7,2025,28.4
16,1,2024,981.0
16,2,2024,16.0
16,3,2024,8.0
16,4,2024,2.0
16,5,2024,55.0
16,6,2024,1060.0
16,7,2024,25.6
16,1,2025,936.0
16,2,2025,20.0
16,3,2025,9.0
16,4,2025,3.0
16,5,2025,58.0
16,6,2025,1023.0
16,7,2025,24.6
17,1,2024,1663.0
17,2,2024,46.0
17,3,2024,61.0
17,4,2024,2.0
17,5,2024,400.0
17,6,2024,2170.0
17,7,2024,18.4
17,1,2025,1270.0
17,2,2025,44.0
17,3,2025,48.0
17,4,2025,
17,5,2025,482.0
17,6,2025,1844.0
17,7,2025,15.5
18,1,2024,3287.0
18,2,2024,78.0
18,3,2024,31.0
18,4,2024,4.0
18,5,2024,78.0
18,6,2024,3474.0
18,7,2024,36.4
18,1,2025,2970.0
18,2,2025,58.0
18,3,2025,28.0
18,4,2025,5.0
18,5,2025,103.0
18,6,2025,3159.0
18,7,2025,33.0
19,1,2024,626.0
19,2,2024,19.0
19,3,2024,10.0
19,4,2024,4.0
19,5,2024,30.0
19,6,2024,685.0
19,7,2024,20.3
19,1,2025,526.0
19,2,2025,15.0
19,3,2025,9.0
19,4,2025,2.0
19,5,2025,29.0
19,6,2025,579.0
19,7,2025,17.1
20,1,2024,2938.0
20,2,2024,99.0
20,3,2024,69.0
20,4,2024,28.0
20,5,2024,703.0
20,6,2024,3809.0
20,7,2024,22.1
20,1,2025,2949.0
20,2,2025,77.0
20,3,2025,66.0
20,4,2025,51.0
20,5,2025,798.0
20,6,2025,3890.0
20,7,2025,22.6
21,1,2024,655.0
21,2,2024,23.0
21,3,2024,71.0
21,4,2024,1.0
21,5,2024,91.0
21,6,2024,840.0
21,7,2024,24.4
21,1,2025,843.0
21,2,2025,15.0
21,3,2025,12.0
21,4,2025,2.0
21,5,2025,137.0
21,6,2025,1007.0
21,7,2025,29.1
22,1,2024,1491.0
22,2,2024,31.0
22,3,2024,35.0
22,4,2024,5.0
22,5,2024,147.0
22,6,2024,1704.0
22,7,2024,15.2
22,1,2025,1117.0
22,2,2025,30.0
22,3,2025,43.0
22,4,2025,4.0
22,5,2025,76.0
22,6,2025,1266.0
22,7,2025,11.3
23,1,2024,433.0
23,2,2024,10.0
23,3,2024,6.0
23,4,2024,
23,5,2024,8.0
23,6,2024,457.0
23,7,2024,26.2
23,1,2025,439.0
23,2,2025,5.0
23,3,2025,2.0
23,4,2025,1.0
23,5,2025,47.0
23,6,2025,493.0
23,7,2025,28.1
24,1,2024,115.0
24,2,2024,6.0
24,3,2024,4.0
24,4,2024,
24,5,2024,7.0
24,6,2024,132.0
24,7,2024,18.4
24,1,2025,128.0
24,2,2025,5.0
24,3,2025,8.0
24,4,2025,2.0
24,5,2025,3.0
24,6,2025,144.0
24,7,2025,19.5
25,1,2024,564.0
25,2,2024,17.0
25,3,2024,29.0
25,4,2024,1.0
25,5,2024,79.0
25,6,2024,689.0
25,7,2024,8.6
25,1,2025,479.0
25,2,2025,19.0
25,3,2025,24.0
25,4,2025,
25,5,2025,100.0
25,6,2025,622.0
25,7,2025,7.6
26,1,2024,2630.0
26,2,2024,170.0
26,3,2024,138.0
26,4,2024,32.0
26,5,2024,813.0
26,6,2024,3751.0
26,7,2024,8.2
26,1,2025,2527.0
26,2,2025,131.0
26,3,2025,122.0
26,4,2025,30.0
26,5,2025,835.0
26,6,2025,3615.0
26,7,2025,7.8
27,1,2024,365.0
27,2,2024,7.0
27,3,2024,5.0
27,4,2024,
27,5,2024,145.0
27,6,2024,522.0
27,7,2024,22.8
27,1,2025,303.0
27,2,2025,7.0
27,3,2025,5.0
27,4,2025,
27,5,2025,193.0
27,6,2025,508.0
27,7,2025,22.1
28,1,2024,252.0
28,2,2024,6.0
28,3,2024,4.0
28,4,2024,4.0
28,5,2024,50.0
28,6,2024,312.0
28,7,2024,19.8
28,1,2025,269.0
28,2,2025,8.0
28,3,2025,4.0
28,4,2025,1.0
28,5,2025,26.0
28,6,2025,307.0
28,7,2025,19.3
